Country,ISO,Year,CO2,Per_Capita_CO2,Renewable_Electricity_Share,GDP_Growth,Carbon_Rate_2023,comp_CO2,comp_PerCap,comp_RenewWeak,comp_GDPWeak,comp_PolicyWeak,Risk_Score,Risk_Category,Flag_Renewable_Imputed,Flag_GDP_Imputed,Flag_CarbonRate_Imputed
Aruba,ABW,2021,0.858126,8.054722,16.129034,27.6,,22.973,83.7838,67.5676,0.9009,60.8108,46.76,Moderate,False,False,True
Afghanistan,AFG,2021,11.874211,0.296119,84.33735,-20.7,,54.5045,12.1622,8.5586,100.0,60.8108,42.0,Moderate,False,False,True
Angola,AGO,2021,21.362717,0.619141,71.81984,1.2,,62.6126,20.7207,16.6667,86.9369,60.8108,46.22,Moderate,False,False,True
Anguilla,AIA,2021,0.144744,9.188354,,,,6.7568,88.2883,50.0,50.2252,60.8108,45.8,Moderate,True,True,True
Albania,ALB,2021,4.619109,1.618066,100.0,8.9,,38.7387,34.6847,0.9009,13.7387,60.8108,26.93,Low,False,False,True
Andorra,AND,2021,0.452888,5.730292,,8.3,,15.7658,74.7748,50.0,15.7658,60.8108,40.63,Moderate,True,False,True
United Arab Emirates,ARE,2021,204.086658,21.792151,4.93991,4.4,,87.3874,97.7477,81.5315,63.7387,60.8108,81.79,Very High,False,False,True
Argentina,ARG,2021,186.448284,4.117967,25.347696,10.7,9.1290312,86.4865,61.7117,55.4054,10.5856,23.4234,56.07,High,False,False,False
Armenia,ARM,2021,6.806045,2.438591,31.284153,5.7,,44.1441,45.045,40.5405,37.6126,60.8108,44.11,Moderate,False,False,True
Antarctica,ATA,2021,0.0,0.0,,,,0.6757,0.6757,50.0,50.2252,60.8108,26.45,Low,True,True,True
Antigua and Barbuda,ATG,2021,0.468695,5.027895,5.714286,6.6,,16.2162,69.8198,79.2793,27.2523,60.8108,48.82,Moderate,False,False,True
Australia,AUS,2021,391.187411,15.091473,29.134624,5.2,20.383238,93.2432,95.9459,43.6937,42.3423,17.5676,66.19,High,False,False,False
Austria,AUT,2021,64.625588,7.24333,78.790146,4.6,85.875618,77.4775,80.1802,13.5135,61.2613,5.8559,52.43,Moderate,False,False,False
Azerbaijan,AZE,2021,38.492804,3.732457,5.4012933,5.6,,71.6216,55.8559,81.0811,38.964,60.8108,64.85,High,False,False,True
Burundi,BDI,2021,0.692908,0.055206,66.666664,3.1,,21.1712,3.1532,18.4685,76.1261,60.8108,29.1,Low,False,False,True
Belgium,BEL,2021,95.722285,8.243806,22.95264,6.3,82.957512,82.4324,85.1351,59.009,31.3063,6.3063,61.84,High,False,False,False
Benin,BEN,2021,7.755815,0.596744,4.166667,7.2,,48.1982,19.8198,83.7838,22.2973,60.8108,48.8,Moderate,False,False,True
"Bonaire, Saint Eustatius and Saba",BES,2021,0.103389,3.871365,,,,5.8559,57.6577,50.0,50.2252,60.8108,39.4,Moderate,True,True,True
Burkina Faso,BFA,2021,5.698262,0.257832,13.142858,6.9,-22.671375,41.8919,11.2613,70.2703,25.4505,97.7477,45.98,Moderate,False,False,False
Bangladesh,BGD,2021,93.175944,0.550177,1.7252079,6.9,-0.0017498475,81.5315,18.018,86.9369,25.4505,94.1441,63.03,High,False,False,False
Bulgaria,BGR,2021,42.56021,6.180805,21.79704,7.6,60.509453,73.8739,77.9279,60.8108,19.3694,11.7117,57.03,High,False,False,False
Bahrain,BHR,2021,39.016088,26.66372,0.031486146,2.6,,72.0721,99.5495,90.991,78.6036,60.8108,82.15,Very High,False,False,True
Bahamas,BHS,2021,2.386463,5.850522,0.0,17.0,,32.4324,75.6757,95.9459,2.2523,60.8108,55.27,High,False,False,True
Bosnia and Herzegovina,BIH,2021,13.566311,4.147523,41.369392,7.4,,56.7568,62.1622,31.5315,20.9459,60.8108,46.57,Moderate,False,False,True
Belarus,BLR,2021,59.602457,6.222741,2.9860954,2.3,,77.027,78.3784,84.6847,80.6306,60.8108,78.13,Very High,False,False,True
Belize,BLZ,2021,0.689321,1.72317,40.625,15.2,,20.7207,36.036,31.982,3.1532,60.8108,27.97,Low,False,False,True
Bermuda,BMU,2021,0.54796,8.537196,,,,17.5676,86.036,50.0,50.2252,60.8108,48.59,Moderate,True,True,True
Bolivia,BOL,2021,23.321669,1.930686,41.737488,6.1,,63.5135,38.7387,31.0811,33.3333,60.8108,45.65,Moderate,False,False,True
Brazil,BRA,2021,488.88107,2.281014,76.7711,5.0,0.43982789,95.045,42.7928,14.4144,50.2252,27.4775,50.96,Moderate,False,False,False
Barbados,BRB,2021,1.125301,4.001781,7.476635,-0.2,,24.3243,59.9099,77.9279,91.8919,60.8108,58.63,High,False,False,True
Brunei Darussalam,BRN,2021,10.480519,23.532003,0.0,-1.6,,52.2523,98.1982,95.9459,95.045,60.8108,79.64,Very High,False,False,True
Bhutan,BTN,2021,1.522086,1.957702,100.0,-3.3,,26.5766,39.1892,0.9009,97.2973,60.8108,36.71,Moderate,False,False,True
Botswana,BWA,2021,6.499919,2.51115,0.456621,11.9,,43.2432,45.9459,87.8378,7.2072,60.8108,51.28,Moderate,False,False,True
Central African Republic,CAF,2021,0.227296,0.041651,100.0,1.0,,10.8108,2.7027,0.9009,88.7387,60.8108,23.4,Low,False,False,True
Canada,CAN,2021,545.634517,14.300468,68.16998,5.0,42.006371,95.4955,93.6937,17.5676,50.2252,14.4144,60.75,High,False,False,False
Switzerland,CHE,2021,34.931692,4.019107,66.05731,5.4,168.77026,68.4685,60.3604,19.8198,40.5405,0.0,43.65,Moderate,False,False,False
Chile,CHL,2021,85.446923,4.383426,42.706417,11.7,36.768517,80.6306,64.8649,29.7297,7.6577,14.8649,47.23,Moderate,False,False,False
China,CHN,2021,11472.369171,8.045741,28.907642,8.4,,100.0,83.3333,44.1441,14.8649,60.8108,66.01,High,False,False,True
Côte d'Ivoire,CIV,2021,11.706642,0.426033,30.145721,7.0,,54.0541,15.7658,42.3423,23.8739,60.8108,39.62,Moderate,False,False,True
Cameroon,CMR,2021,9.297284,0.341829,62.36025,3.6,,50.4505,12.6126,22.973,69.8198,60.8108,39.95,Moderate,False,False,True
Democratic Republic of the Congo,COD,2021,2.606688,0.027183,99.728264,6.2,,32.8829,1.8018,3.6036,32.2072,60.8108,22.04,Low,False,False,True
Congo,COG,2021,7.464369,1.279064,24.129353,1.1,,46.3964,31.0811,56.3063,87.6126,60.8108,53.43,Moderate,False,False,True
Cook Islands,COK,2021,0.091403,5.375721,40.0,,,5.4054,72.5225,33.3333,50.2252,60.8108,38.07,Moderate,False,True,True
Colombia,COL,2021,91.70338,1.780076,73.649734,11.0,-9.1831169,81.0811,36.4865,15.3153,9.4595,97.2973,46.6,Moderate,False,False,False
Comoros,COM,2021,0.298171,0.362904,0.0,2.1,,13.0631,13.964,95.9459,82.2072,60.8108,49.11,Moderate,False,False,True
Cape Verde,CPV,2021,0.667694,1.135678,15.555556,6.4,,20.2703,28.3784,68.018,29.7297,60.8108,39.3,Moderate,False,False,True
Costa Rica,CRI,2021,7.819507,1.517185,98.74115,7.8,67.43219,48.6486,33.3333,4.5045,18.4685,10.3604,26.19,Low,False,False,False
Cuba,CUB,2021,22.05733,1.959542,21.367086,,,63.0631,39.6396,61.2613,50.2252,60.8108,55.78,High,False,True,True
Curaçao,CUW,2021,1.843765,9.686792,,,,29.2793,89.1892,50.0,50.2252,60.8108,52.74,Moderate,True,True,True
Christmas Island,CXR,2021,0.0,0.0,,,,0.6757,0.6757,50.0,50.2252,60.8108,26.45,Low,True,True,True
Cyprus,CYP,2021,7.600422,6.108741,15.234375,6.6,81.570091,46.8468,76.5766,68.4685,27.2523,6.7568,51.25,Moderate,False,False,False
Czech Republic,CZE,2021,97.138329,9.241807,12.791114,3.6,68.082481,82.8829,88.7387,71.6216,69.8198,9.4595,71.94,High,False,False,False
Germany,DEU,2021,674.753566,8.089741,39.64001,3.2,93.442047,97.2973,84.6847,34.6847,75.0,3.6036,66.41,High,False,False,False
Djibouti,DJI,2021,0.379178,0.342974,0.0,4.5,,15.3153,13.0631,95.9459,62.8378,60.8108,46.7,Moderate,False,False,True
Dominica,DMA,2021,0.158529,2.189268,23.529411,6.9,,7.8829,41.4414,58.1081,25.4505,60.8108,35.08,Moderate,False,False,True
Denmark,DNK,2021,29.576956,5.052228,78.947365,6.8,108.14118,65.7658,70.2703,13.0631,26.5766,1.8018,41.22,Moderate,False,False,False
Dominican Republic,DOM,2021,28.922094,2.601405,17.178612,12.3,14.999579,65.3153,47.7477,65.7658,6.5315,20.2703,48.59,Moderate,False,False,False
Algeria,DZA,2021,176.26907,3.989977,1.1735878,3.4,,85.5856,59.4595,87.3874,72.2973,60.8108,76.34,Very High,False,False,True
Ecuador,ECU,2021,41.321734,2.321741,83.54978,4.2,-43.985428,73.4234,44.1441,9.4595,65.3153,99.5495,52.97,Moderate,False,False,False
Egypt,EGY,2021,249.624151,2.284635,11.386897,3.3,-5.748817,88.7387,43.2432,73.4234,73.8739,96.3964,74.35,High,False,False,False
Eritrea,ERI,2021,0.820601,0.226666,2.2222223,3.8,,22.5225,9.4595,85.5856,68.4685,60.8108,46.4,Moderate,False,False,True
Spain,ESP,2021,233.649543,4.920291,46.43477,6.4,67.718468,88.2883,68.018,27.9279,29.7297,9.9099,52.52,Moderate,False,False,False
Estonia,EST,2021,10.449021,7.864087,39.91655,7.2,80.378998,51.8018,82.8829,33.7838,22.2973,7.2072,44.63,Moderate,False,False,False
Ethiopia,ETH,2021,17.792552,0.147922,99.93193,6.3,-6.0485978,59.009,6.7568,2.7027,31.3063,96.8468,34.11,Low,False,False,False
Finland,FIN,2021,37.602328,6.792338,52.90746,3.2,101.84974,71.1712,79.7297,26.5766,75.0,2.2523,55.42,High,False,False,False
Fiji,FJI,2021,1.470402,1.590295,62.83186,-4.9,,26.1261,34.2342,22.0721,97.7477,60.8108,40.95,Moderate,False,False,True
France,FRA,2021,305.96371,4.741312,22.231913,6.4,47.142189,90.991,67.1171,59.9099,29.7297,13.5135,61.51,High,False,False,False
Faeroe Islands,FRO,2021,0.698346,13.203997,38.095238,,,21.6216,92.7928,35.1351,50.2252,60.8108,47.44,Moderate,False,True,True
Micronesia (Federated States of),FSM,2021,0.158962,1.405118,,-2.2,,8.7838,32.4324,50.0,95.9459,60.8108,42.09,Moderate,True,False,True
Gabon,GAB,2021,5.712477,2.44,44.541485,1.5,,42.3423,45.4955,29.2793,85.5856,60.8108,48.04,Moderate,False,False,True
United Kingdom,GBR,2021,346.773181,5.1541,39.783825,7.6,35.185329,92.7928,71.1712,34.2342,19.3694,15.3153,55.07,High,False,False,False
Georgia,GEO,2021,11.009796,2.929711,81.17088,10.5,,53.1532,50.4505,11.2613,11.2613,60.8108,36.62,Moderate,False,False,True
Ghana,GHA,2021,21.312801,0.649127,34.861507,5.1,18.661732,62.1622,21.6216,38.2883,42.7928,18.018,40.77,Moderate,False,False,False
Guinea,GIN,2021,4.841779,0.357805,72.66187,5.0,,39.1892,13.5135,16.2162,50.2252,60.8108,32.13,Low,False,False,True
Guadeloupe,GLP,2021,2.291068,5.78478,31.176468,,,31.5315,75.2252,40.991,50.2252,60.8108,48.37,Moderate,False,True,True
Gambia,GMB,2021,0.655699,0.248379,0.0,5.3,,19.8198,10.3604,95.9459,41.4414,60.8108,44.3,Moderate,False,False,True
Guinea-Bissau,GNB,2021,0.351839,0.170736,0.0,6.4,,14.8649,7.6577,95.9459,29.7297,60.8108,40.52,Moderate,False,False,True
Equatorial Guinea,GNQ,2021,5.224788,3.196633,30.985916,-0.4,,40.0901,51.8018,41.4414,92.3423,60.8108,52.68,Moderate,False,False,True
Greece,GRC,2021,56.309279,5.390839,40.494053,8.4,76.5933,76.1261,72.973,32.8829,14.8649,7.6577,48.65,Moderate,False,False,False
Grenada,GRD,2021,0.31921,2.56167,0.0,4.7,,13.964,46.8468,95.9459,59.4595,60.8108,52.55,Moderate,False,False,True
Greenland,GRL,2021,0.510659,9.079509,83.33333,,,17.1171,87.3874,9.9099,50.2252,60.8108,38.7,Moderate,False,True,True
Guatemala,GTM,2021,20.327104,1.154393,66.55125,8.0,11.460323,60.3604,29.7297,18.9189,16.8919,22.0721,33.52,Low,False,False,False
French Guiana,GUF,2021,0.651382,2.189895,66.03774,,,19.3694,41.8919,20.2703,50.2252,60.8108,32.87,Low,False,True,True
Guyana,GUY,2021,3.087826,3.837874,13.00813,20.1,,34.6847,56.7568,71.1712,1.3514,60.8108,45.83,Moderate,False,False,True
Hong Kong,HKG,2021,31.664379,4.224972,0.056737587,6.4,,67.1171,62.6126,90.5405,29.7297,60.8108,65.83,High,False,False,True
Honduras,HND,2021,10.897812,1.060269,52.046783,12.5,,52.7027,27.9279,27.027,5.8559,60.8108,35.11,Moderate,False,False,True
Croatia,HRV,2021,17.701451,4.359818,69.64286,13.1,69.537514,58.5586,64.4144,17.1171,4.955,8.5586,36.33,Moderate,False,False,False
Haiti,HTI,2021,2.875923,0.251226,13.131313,-1.8,,34.2342,10.8108,70.7207,95.4955,60.8108,50.52,Moderate,False,False,True
Hungary,HUN,2021,48.454619,4.990287,19.215796,7.2,55.361725,74.3243,68.9189,64.8649,22.2973,12.6126,56.9,High,False,False,False
Indonesia,IDN,2021,619.277533,2.262175,18.188877,3.7,-4.9794583,96.3964,42.3423,65.3153,68.9189,95.4955,73.6,High,False,False,False
India,IND,2021,2709.683625,1.925088,19.384392,9.1,8.093874,99.0991,38.2883,63.964,13.0631,24.3243,57.77,High,False,False,False
Ireland,IRL,2021,37.540329,7.528353,36.772152,15.1,59.683121,70.7207,81.0811,36.036,3.6036,12.1622,48.2,Moderate,False,False,False
Iran,IRN,2021,748.878752,8.517397,4.664096,4.7,,97.7477,85.5856,82.4324,59.4595,60.8108,82.05,Very High,False,False,True
Iraq,IRQ,2021,185.580695,4.262931,5.4287477,1.6,,86.036,63.964,80.6306,84.4595,60.8108,77.51,Very High,False,False,True
Iceland,ISL,2021,3.374964,9.113272,99.98653,4.5,96.711327,35.5856,87.8378,2.2523,62.8378,3.1532,38.55,Moderate,False,False,False
Israel,ISR,2021,54.528532,6.126761,6.7870827,9.3,71.327499,75.2252,77.027,78.3784,12.6126,8.1081,60.27,High,False,False,False
Italy,ITA,2021,328.68732,5.548371,40.619434,7.0,110.8419,92.3423,73.8739,32.4324,23.8739,0.9009,54.26,Moderate,False,False,False
Jamaica,JAM,2021,7.689743,2.719439,16.32184,4.6,32.713001,47.7477,48.6486,67.1171,61.2613,16.2162,51.64,Moderate,False,False,False
Jordan,JOR,2021,25.593717,2.295755,23.537477,2.2,,64.4144,43.6937,57.6577,81.3063,60.8108,60.75,High,False,False,True
Japan,JPN,2021,1067.398435,8.565739,22.610664,2.2,5.7487206,98.1982,86.4865,59.4595,81.3063,25.6757,76.39,Very High,False,False,False
Kazakhstan,KAZ,2021,276.68346,14.413251,12.438683,4.1,-25.821585,89.6396,94.1441,72.5225,65.991,98.6486,83.61,Very High,False,False,False
Kenya,KEN,2021,19.875403,0.374968,91.71598,7.6,13.884295,59.9099,14.4144,6.7568,19.3694,20.7207,27.52,Low,False,False,False
Kyrgyzstan,KGZ,2021,9.308101,1.425929,89.84105,5.5,4.2888875,50.9009,32.8829,8.1081,39.8649,26.1261,32.47,Low,False,False,False
Cambodia,KHM,2021,19.028598,1.14706,52.93441,3.0,,59.4595,29.2793,26.1261,77.027,60.8108,47.86,Moderate,False,False,True
Kiribati,KIR,2021,0.071533,0.555062,0.0,7.9,,4.955,18.4685,95.9459,17.7928,60.8108,37.92,Moderate,False,False,True
Saint Kitts and Nevis,KNA,2021,0.237794,4.995041,4.5454545,-0.9,,11.2613,69.3694,82.8829,93.2432,60.8108,58.04,High,False,False,True
South Korea,KOR,2021,616.074996,11.886424,7.7737374,4.3,27.350367,95.9459,90.991,76.5766,64.6396,17.1171,77.53,Very High,False,False,False
Kosovo,KSV,2021,5.644358,3.396106,,10.7,,41.4414,54.0541,50.0,10.5856,60.8108,43.41,Moderate,True,False,True
Kuwait,KWT,2021,106.134264,24.972098,0.070204996,1.1,,83.3333,99.0991,90.0901,87.6126,60.8108,86.57,Very High,False,False,True
Laos,LAO,2021,20.7775,2.798295,72.95471,2.1,,60.8108,49.5495,15.7658,82.2072,60.8108,50.51,Moderate,False,False,True
Lebanon,LBN,2021,24.958901,4.462819,5.639281,-10.0,,63.964,65.3153,79.7297,98.6486,60.8108,73.06,High,False,False,True
Liberia,LBR,2021,1.19526,0.230149,57.608692,5.0,,24.7748,9.9099,24.7748,50.2252,60.8108,29.22,Low,False,False,True
Libya,LBY,2021,74.525079,11.064887,0.031230481,28.3,,78.3784,90.0901,91.4414,0.4505,60.8108,70.54,High,False,False,True
Saint Lucia,LCA,2021,0.485927,2.704837,0.0,11.3,,16.6667,48.1982,95.9459,8.5586,60.8108,45.99,Moderate,False,False,True
Liechtenstein,LIE,2021,0.15095,3.866656,,,,7.2072,57.2072,50.0,50.2252,60.8108,39.72,Moderate,True,True,True
Sri Lanka,LKA,2021,20.78091,0.954416,37.713936,3.5,-49.437771,61.2613,26.1261,35.5856,70.9459,100.0,53.14,Moderate,False,False,False
Lesotho,LSO,2021,2.282165,1.000312,100.0,1.8,,31.0811,27.027,0.9009,83.5586,60.8108,33.57,Low,False,False,True
Lithuania,LTU,2021,13.880837,4.981189,62.829735,6.0,42.414463,57.6577,68.4685,22.5225,34.4595,13.964,43.19,Moderate,False,False,False
Luxembourg,LUX,2021,8.354555,13.067857,80.4878,7.2,125.06548,49.0991,91.8919,12.1622,22.2973,0.4505,39.54,Moderate,False,False,False
Latvia,LVA,2021,7.266214,3.87755,63.589745,4.3,61.617077,45.9459,58.1081,21.6216,64.6396,11.2613,41.63,Moderate,False,False,False
Macao,MAC,2021,1.286771,1.874101,0.0,19.3,,25.2252,37.3874,95.9459,1.8018,60.8108,45.38,Moderate,False,False,True
Morocco,MAR,2021,70.577665,1.903564,19.806295,8.0,-4.8800812,77.9279,37.8378,63.5135,16.8919,95.045,58.86,High,False,False,False
Moldova,MDA,2021,5.60151,1.829658,6.4564567,13.9,,40.991,36.9369,78.8288,4.0541,60.8108,46.08,Moderate,False,False,True
Madagascar,MDG,2021,4.244355,0.146784,34.44976,5.7,-5.3745308,37.8378,5.8559,38.7387,37.6126,95.9459,37.44,Moderate,False,False,False
Maldives,MDV,2021,2.118174,4.06203,7.5757575,41.7,,30.6306,60.8108,77.027,0.0,60.8108,46.69,Moderate,False,False,True
Mexico,MEX,2021,407.205037,3.213801,23.9353,5.8,28.653582,93.6937,52.2523,56.7568,36.2613,16.6667,59.85,High,False,False,False
Marshall Islands,MHL,2021,0.158962,3.780319,,1.0,,8.7838,56.3063,50.0,88.7387,60.8108,45.79,Moderate,True,False,True
North Macedonia,MKD,2021,6.851552,3.257478,29.545452,3.9,,44.5946,52.7027,43.2432,67.5676,60.8108,50.95,Moderate,False,False,True
Mali,MLI,2021,4.169758,0.190357,35.9882,3.1,,37.3874,8.1081,36.4865,76.1261,60.8108,39.46,Moderate,False,False,True
Malta,MLT,2021,1.724154,3.273205,10.138248,12.3,86.295029,27.9279,53.1532,74.3243,6.5315,5.4054,39.11,Moderate,False,False,False
Myanmar,MMR,2021,36.306759,0.674871,41.905186,-17.9,,70.2703,22.0721,30.6306,99.5495,60.8108,54.17,Moderate,False,False,True
Montenegro,MNE,2021,1.751386,2.789458,60.62992,13.0,,28.3784,49.0991,23.4234,5.4054,60.8108,31.08,Low,False,False,True
Mongolia,MNG,2021,50.315914,15.029627,9.831461,1.6,,74.7748,95.4955,75.2252,84.4595,60.8108,79.09,Very High,False,False,True
Mozambique,MOZ,2021,7.156209,0.223094,81.41637,2.4,,45.045,9.009,10.8108,79.955,60.8108,36.09,Moderate,False,False,True
Mauritania,MRT,2021,4.118111,0.892337,26.595745,2.4,,36.9369,25.2252,45.4955,79.955,60.8108,45.57,Moderate,False,False,True
Montserrat,MSR,2021,0.020678,4.681398,0.0,,,3.1532,66.6667,95.9459,50.2252,60.8108,51.88,Moderate,False,True,True
Martinique,MTQ,2021,2.100146,5.6946,0.0,,,30.1802,74.3243,95.9459,50.2252,60.8108,61.52,High,False,True,True
Mauritius,MUS,2021,4.471674,3.442622,21.180555,3.4,17.463127,38.2883,54.955,61.7117,72.2973,18.4685,50.6,Moderate,False,False,False
Malawi,MWI,2021,1.552193,0.07804,83.802826,4.6,,27.027,3.6036,9.009,61.2613,60.8108,26.35,Low,False,False,True
Malaysia,MYS,2021,256.048939,7.626434,19.313526,3.3,-26.520288,89.1892,82.4324,64.4144,73.8739,99.0991,80.34,Very High,False,False,False
Mayotte,MYT,2021,0.273281,0.864775,,,,12.1622,24.7748,50.0,50.2252,60.8108,34.72,Low,True,True,True
Namibia,NAM,2021,4.014822,1.586792,95.5414,3.5,,36.036,33.7838,5.4054,70.9459,60.8108,35.64,Moderate,False,False,True
New Caledonia,NCL,2021,5.496273,19.097542,13.690476,,,40.5405,97.2973,69.8198,50.2252,60.8108,62.69,High,False,True,True
Niger,NER,2021,2.698898,0.106876,11.111112,1.4,,33.3333,4.0541,73.8739,86.4865,60.8108,48.33,Moderate,False,False,True
Nigeria,NGA,2021,136.986784,0.641921,25.64347,3.6,-22.881737,84.2342,21.1712,54.955,69.8198,98.1982,63.54,High,False,False,False
Nicaragua,NIC,2021,5.05977,0.738594,54.643627,10.3,,39.6396,23.4234,25.6757,11.7117,60.8108,30.83,Low,False,False,True
Niue,NIU,2021,0.011922,6.154972,,,,2.2523,77.4775,50.0,50.2252,60.8108,42.29,Moderate,True,True,True
Netherlands,NLD,2021,141.045431,8.058958,33.278515,6.2,110.71052,84.6847,84.2342,39.6396,32.2072,1.3514,57.13,High,False,False,False
Norway,NOR,2021,40.918553,7.565853,99.543526,3.9,101.15076,72.973,81.982,4.0541,67.5676,2.7027,49.71,Moderate,False,False,False
Nepal,NPL,2021,14.173067,0.471885,100.0,4.8,,58.1081,17.1171,0.9009,58.5586,60.8108,35.95,Moderate,False,False,True
Nauru,NRU,2021,0.059611,4.764679,0.0,2.9,,4.0541,67.5676,95.9459,77.7027,60.8108,56.45,High,False,False,True
New Zealand,NZL,2021,33.789825,6.587061,80.723175,6.1,33.595364,68.018,79.2793,11.7117,33.3333,15.7658,45.77,Moderate,False,False,False
Oman,OMN,2021,80.991181,17.916536,0.43763673,3.1,,79.7297,96.3964,88.2883,76.1261,60.8108,82.77,Very High,False,False,True
Pakistan,PAK,2021,229.512397,0.991834,29.739628,5.8,,87.8378,26.5766,42.7928,36.2613,60.8108,53.89,Moderate,False,False,True
Panama,PAN,2021,13.03162,2.994902,74.44147,15.8,6.9162421,55.8559,50.9009,14.8649,2.7027,25.2252,33.58,Low,False,False,False
Panama Canal Zone,PCZ,2021,0.0,0.0,,,,0.6757,0.6757,50.0,50.2252,60.8108,26.45,Low,True,True,True
Peru,PER,2021,56.282,1.669323,60.61232,13.3,7.6936641,75.6757,35.5856,23.8739,4.5045,24.7748,38.94,Moderate,False,False,False
Philippines,PHL,2021,144.263875,1.266802,22.125694,5.7,9.8803492,85.1351,30.6306,60.3604,37.6126,22.5225,54.65,Moderate,False,False,False
Palau,PLW,2021,0.238444,13.229228,,-13.4,,11.7117,93.2432,50.0,99.0991,60.8108,55.61,High,True,False,True
Papua New Guinea,PNG,2021,8.509555,0.85528,26.54321,0.1,,49.5495,24.3243,54.5045,91.4414,60.8108,53.15,Moderate,False,False,True
Poland,POL,2021,328.579763,8.577376,17.094591,6.9,68.158066,91.8919,86.9369,66.2162,25.4505,9.009,66.23,High,False,False,False
Puerto Rico,PRI,2021,0.0,0.0,2.7960527,0.2,,0.6757,0.6757,85.1351,90.991,60.8108,41.35,Moderate,False,False,True
North Korea,PRK,2021,56.380104,2.170811,83.183395,,,76.5766,40.991,10.3604,50.2252,60.8108,47.38,Moderate,False,True,True
Portugal,PRT,2021,40.797216,3.964704,63.814728,5.5,87.920753,72.5225,59.009,21.1712,39.8649,4.955,45.33,Moderate,False,False,False
Paraguay,PRY,2021,8.576565,1.279359,99.82509,4.0,8.6564121,50.0,31.5315,3.1532,66.6667,23.8739,34.48,Low,False,False,False
Occupied Palestinian Territory,PSE,2021,3.092231,0.602376,23.255814,7.0,,35.1351,20.2703,58.5586,23.8739,60.8108,38.9,Moderate,False,False,True
French Polynesia,PYF,2021,0.9498,3.124014,32.857143,,,23.4234,51.3514,40.0901,50.2252,60.8108,40.93,Moderate,False,True,True
Qatar,QAT,2021,95.66718,35.587357,0.08421053,1.5,,81.982,100.0,89.6396,85.5856,60.8108,85.92,Very High,False,False,True
Réunion,REU,2021,4.102958,4.246802,30.795847,,,36.4865,63.5135,41.8919,50.2252,60.8108,47.74,Moderate,False,True,True
Romania,ROU,2021,79.32686,4.104127,44.545914,5.9,48.557812,78.8288,61.2613,28.8288,35.3604,13.0631,49.72,Moderate,False,False,False
Russia,RUS,2021,1755.54739,12.09865,19.959293,5.6,4.1177392,98.6486,91.4414,63.0631,38.964,26.5766,72.15,High,False,False,False
Rwanda,RWA,2021,1.754532,0.130333,60.0,10.9,13.825374,28.8288,5.4054,24.3243,9.9099,21.1712,19.41,Low,False,False,False
Saudi Arabia,SAU,2021,672.37987,18.702989,0.23274073,3.9,,96.8468,96.8468,88.7387,67.5676,60.8108,86.82,Very High,False,False,True
Sudan,SDN,2021,21.038215,0.460786,66.12417,0.5,,61.7117,16.6667,19.3694,90.5405,60.8108,46.35,Moderate,False,False,True
Senegal,SEN,2021,13.59791,0.80572,20.142603,6.5,,57.2072,23.8739,62.6126,28.1532,60.8108,47.89,Moderate,False,False,True
Singapore,SGP,2021,32.506889,5.471564,2.0755422,8.9,13.482553,67.5676,73.4234,86.036,13.7387,21.6216,60.69,High,False,False,False
Saint Helena,SHN,2021,0.013785,2.550917,,,,2.7027,46.3964,50.0,50.2252,60.8108,36.2,Moderate,True,True,True
Solomon Islands,SLB,2021,0.317925,0.449141,0.0,-0.6,,13.5135,16.2162,95.9459,92.7928,60.8108,51.28,Moderate,False,False,True
Sierra Leone,SLE,2021,1.299404,0.154312,90.4762,4.1,,25.6757,7.2072,7.6577,65.991,60.8108,27.04,Low,False,False,True
El Salvador,SLV,2021,7.204384,1.140987,79.57317,11.2,,45.4955,28.8288,12.6126,9.009,60.8108,30.0,Low,False,False,True
Somalia,SOM,2021,0.610374,0.035766,9.756098,3.3,,18.4685,2.2523,75.6757,73.8739,60.8108,42.07,Moderate,False,False,True
Saint Pierre and Miquelon,SPM,2021,0.062033,10.544484,0.0,,,4.5045,89.6396,95.9459,50.2252,60.8108,56.88,High,False,True,True
Serbia,SRB,2021,30.868986,4.230501,33.43219,7.5,,66.2162,63.0631,39.1892,20.2703,60.8108,51.4,Moderate,False,False,True
South Sudan,SSD,2021,1.58206,0.147192,1.754386,5.3,,27.4775,6.3063,86.4865,41.4414,60.8108,43.42,Moderate,False,False,True
Sao Tome and Principe,STP,2021,0.131978,0.591547,10.0,1.9,,6.3063,19.3694,74.7748,82.8829,60.8108,42.97,Moderate,False,False,True
Suriname,SUR,2021,2.793206,4.556728,50.49505,-2.7,,33.7838,65.7658,27.4775,96.6216,60.8108,50.73,Moderate,False,False,True
Slovakia,SVK,2021,35.308218,6.4814,23.57262,4.9,62.04295,68.9189,78.8288,57.2072,57.8829,10.8108,60.51,High,False,False,False
Slovenia,SVN,2021,12.54933,5.921143,34.89416,8.2,88.713989,55.4054,76.1261,37.8378,16.2162,4.5045,44.19,Moderate,False,False,False
Sweden,SWE,2021,35.848949,3.424918,67.3808,6.1,90.3162,69.3694,54.5045,18.018,33.3333,4.0541,41.62,Moderate,False,False,False
Swaziland,SWZ,2021,1.087219,0.911889,94.5946,7.9,,23.8739,25.6757,5.8559,17.7928,60.8108,22.51,Low,False,False,True
Sint Maarten (Dutch part),SXM,2021,0.647902,14.711011,,,,18.9189,94.5946,50.0,50.2252,60.8108,50.71,Moderate,True,True,True
Seychelles,SYC,2021,0.568279,5.337406,12.307693,2.5,,18.018,72.0721,72.973,79.2793,60.8108,56.04,High,False,False,True
Syria,SYR,2021,27.00077,1.266193,4.534606,3.4,,64.8649,30.1802,83.3333,72.2973,60.8108,63.25,High,False,False,True
Turks and Caicos Islands,TCA,2021,0.341183,7.562677,0.0,,,14.4144,81.5315,95.9459,50.2252,60.8108,58.23,High,False,True,True
Chad,TCD,2021,1.939918,0.112919,3.2258065,-1.2,,29.7297,4.5045,84.2342,94.5946,60.8108,51.15,Moderate,False,False,True
Togo,TGO,2021,2.34202,0.270916,26.984127,6.0,,31.982,11.7117,45.045,34.4595,60.8108,34.45,Low,False,False,True
Thailand,THA,2021,278.495695,3.889545,14.506635,1.5,,90.0901,58.5586,68.9189,85.5856,60.8108,74.89,High,False,False,True
Tajikistan,TJK,2021,10.336408,1.060138,91.23163,9.4,,51.3514,27.4775,7.2072,12.1622,60.8108,30.61,Low,False,False,True
Turkmenistan,TKM,2021,83.006808,13.088727,0.0,4.6,,80.1802,92.3423,95.9459,61.2613,60.8108,81.78,Very High,False,False,True
Timor-Leste,TLS,2021,0.736328,0.557426,0.0,2.9,,22.0721,18.9189,95.9459,77.7027,60.8108,52.13,Moderate,False,False,True
Tonga,TON,2021,0.174859,1.649345,12.5,-2.7,,9.6847,35.1351,72.0721,96.6216,60.8108,48.52,Moderate,False,False,True
Trinidad and Tobago,TTO,2021,36.124037,23.677599,0.11454754,-1.0,,69.8198,98.6486,89.1892,93.9189,60.8108,83.14,Very High,False,False,True
Tunisia,TUN,2021,31.582747,2.575462,4.7778306,4.4,,66.6667,47.2973,81.982,63.7387,60.8108,65.6,High,False,False,True
Turkey,TUR,2021,446.204185,5.263368,35.32963,11.4,9.3701305,94.5946,71.6216,36.9369,8.1081,22.973,55.45,High,False,False,False
Tuvalu,TUV,2021,0.007948,0.7094,,1.8,,1.8018,22.973,50.0,83.5586,60.8108,36.25,Moderate,True,False,True
Taiwan,TWN,2021,282.856073,11.854867,5.438749,6.5,,90.5405,90.5405,80.1802,28.1532,60.8108,75.62,Very High,False,False,True
Tanzania,TZA,2021,13.058865,0.205366,44.675644,4.9,,56.3063,8.5586,28.3784,57.8829,60.8108,40.46,Moderate,False,False,True
Uganda,UGA,2021,5.780464,0.126063,97.045456,5.7,15.91996,42.7928,4.955,4.955,37.6126,19.8198,22.69,Low,False,False,False
Ukraine,UKR,2021,201.857716,4.637058,14.038017,3.4,-2.6369243,86.9369,66.2162,69.3694,72.2973,94.5946,76.97,Very High,False,False,False
Uruguay,URY,2021,6.737872,1.966539,78.06574,5.3,16.260715,43.6937,40.0901,13.964,41.4414,18.9189,32.73,Low,False,False,False
USA,USA,2021,5007.335889,14.858668,20.749863,5.9,,99.5495,95.045,62.1622,35.3604,60.8108,75.8,Very High,False,False,True
Uzbekistan,UZB,2021,121.631478,3.568847,8.46141,7.4,,83.7838,55.4054,76.1261,20.9459,60.8108,64.47,High,False,False,True
Saint Vincent and the Grenadines,VCT,2021,0.21367,2.047981,25.0,0.8,,10.3604,40.5405,55.8559,89.6396,60.8108,44.71,Moderate,False,False,True
Venezuela,VEN,2021,79.746599,2.827907,64.48549,1.0,,79.2793,50.0,20.7207,88.7387,60.8108,58.36,High,False,False,True
British Virgin Islands,VGB,2021,0.158529,5.093802,0.0,,,7.8829,70.7207,95.9459,50.2252,60.8108,54.11,Moderate,False,True,True
Viet Nam,VNM,2021,326.013668,3.344827,42.578747,2.6,,91.4414,53.6036,30.1802,78.6036,60.8108,63.57,High,False,False,True
Vanuatu,VUT,2021,0.174859,0.547911,28.571428,0.6,,9.6847,17.5676,44.5946,90.0901,60.8108,37.16,Moderate,False,False,True
Wallis and Futuna Islands,WLF,2021,0.027818,2.392571,,,,3.6036,44.5946,50.0,50.2252,60.8108,36.11,Moderate,True,True,True
Samoa,WSM,2021,0.29408,1.344282,35.294117,-7.1,,12.6126,31.982,37.3874,98.1982,60.8108,40.34,Moderate,False,False,True
Yemen,YEM,2021,12.476597,0.378289,17.045456,-1.0,,54.955,14.8649,66.6667,93.9189,60.8108,56.3,High,False,False,True
South Africa,ZAF,2021,435.928899,7.339827,7.5627236,4.7,16.014624,94.1441,80.6306,77.4775,59.4595,19.3694,74.59,High,False,False,False
Zambia,ZMB,2021,7.67618,0.394194,92.207794,4.6,2.3239043,47.2973,15.3153,6.3063,61.2613,27.027,30.72,Low,False,False,False
Zimbabwe,ZWE,2021,11.296114,0.706293,54.975124,8.4,,53.6036,22.5225,25.2252,14.8649,60.8108,35.2,Moderate,False,False,True
